model_name,rmse,mae,r2,epochs,best_params,history,tested_models
Custom NN,0.8832298450742041,0.5262996880333441,-0.4283424935682132,,"{'model': <function <lambda> at 0x000001EE1C4D6D40>, 'build_fn': None, 'warm_start': False, 'random_state': None, 'optimizer': 'rmsprop', 'loss': None, 'metrics': None, 'batch_size': 32, 'validation_batch_size': None, 'verbose': 1, 'callbacks': None, 'validation_split': 0.0, 'shuffle': False, 'run_eagerly': False, 'epochs': 10}","       loss  mean_absolute_error  val_loss   val_mae
0  1.120406             0.630415  0.104144  0.263268
1  0.986407             0.565693  0.101442  0.256335
2  0.956750             0.555577  0.097205  0.250436
3  0.945125             0.555367  0.097210  0.249516
4  0.905190             0.543042  0.095577  0.246397
5  0.917790             0.545205  0.094020  0.243127
6  0.895222             0.534295  0.094809  0.243506
7  0.891798             0.537378  0.094448  0.242007
8  0.885890             0.532586  0.094382  0.240322
9  0.875718             0.528883  0.092566  0.238481",Not applicable
