model_name,rmse,mae,r2,epochs,best_params,history,tested_models
Custom RNN GRU,0.3101109995745198,0.24296630318439508,0.17145774086354382,10.0,"{'epochs': 10, 'batch_size': 32}","       loss  mean_absolute_error  val_loss   val_mae
0  0.814687             0.513768  0.133339  0.290563
1  0.638356             0.482664  0.113042  0.261869
2  0.578232             0.463597  0.109914  0.255319
3  0.542617             0.448282  0.108043  0.251930
4  0.523339             0.447350  0.102066  0.246657
5  0.515306             0.439503  0.100524  0.247253
6  0.471835             0.428552  0.102699  0.249199
7  0.437883             0.418539  0.107205  0.255943
8  0.419455             0.416364  0.107999  0.256509
9  0.347248             0.385355  0.096169  0.242966",Not applicable
Custom RNN LSTM,0.31612990581378214,0.24426722402803483,0.1389834757096532,10.0,"{'epochs': 10, 'batch_size': 32}","       loss  mean_absolute_error  val_loss   val_mae
0  0.835752             0.490192  0.131403  0.288039
1  0.674644             0.473834  0.127112  0.280404
2  0.575317             0.454383  0.133006  0.281895
3  0.496354             0.438268  0.129761  0.284529
4  0.532228             0.448869  0.103526  0.246687
5  0.535552             0.451888  0.111592  0.249854
6  0.361070             0.399588  0.107039  0.249883
7  0.346927             0.396207  0.106975  0.249119
8  0.342196             0.388540  0.098595  0.243624
9  0.345039             0.391480  0.099938  0.244267",Not applicable
Custom NN,0.8685564012255081,0.5092864389141952,-0.3270751033730221,,"{'model': <function <lambda> at 0x00000188D077AC00>, 'build_fn': None, 'warm_start': False, 'random_state': None, 'optimizer': 'rmsprop', 'loss': None, 'metrics': None, 'batch_size': 32, 'validation_batch_size': None, 'verbose': 1, 'callbacks': None, 'validation_split': 0.0, 'shuffle': False, 'run_eagerly': False, 'epochs': 10}","       loss  mean_absolute_error  val_loss   val_mae
0  1.163806             0.648476  0.119237  0.274328
1  0.830127             0.546364  0.106905  0.259633
2  0.766751             0.517891  0.101160  0.254104
3  0.813712             0.537359  0.100990  0.249633
4  0.700875             0.502039  0.097213  0.244120
5  0.718002             0.512997  0.097029  0.243271
6  0.693198             0.491064  0.096156  0.242125
7  0.709127             0.506907  0.097993  0.241478
8  0.658499             0.485801  0.095290  0.239402
9  0.714642             0.505317  0.096419  0.238388",Not applicable
