model_name,rmse,mae,r2,epochs,best_params,history,tested_models
Custom RNN Attention LSTM,0.22851903720637076,0.18033353084780918,0.5500905723324313,10,"{'epochs': 10, 'batch_size': 32}","       loss  mean_absolute_error  val_loss   val_mae
0  1.103730             0.604596  0.066921  0.209255
1  0.792127             0.483264  0.069834  0.224066
2  0.578333             0.434405  0.084088  0.244652
3  0.402867             0.404602  0.049835  0.184332
4  0.327588             0.370480  0.057183  0.204281
5  0.259131             0.334919  0.109512  0.278776
6  0.233054             0.332595  0.119221  0.287667
7  0.214258             0.316117  0.108808  0.284232
8  0.181311             0.293985  0.077476  0.238620
9  0.226317             0.334716  0.052221  0.180334",Not applicable
