model_name,rmse,mae,r2,epochs,best_params,history,tested_models
Custom NN,0.31055572752484756,0.24070980983872356,0.2878303635170396,10,"{'epochs': 10, 'batch_size': 32}","       loss  mean_absolute_error  val_loss   val_mae
0  1.046594             0.595753  0.106946  0.259815
1  0.806466             0.529897  0.101560  0.250800
2  0.750254             0.509862  0.097586  0.246786
3  0.741557             0.514267  0.094657  0.242065
4  0.673342             0.485922  0.095507  0.242612
5  0.699769             0.503078  0.093337  0.237732
6  0.656680             0.477002  0.095164  0.241677
7  0.693620             0.500201  0.095043  0.239222
8  0.636184             0.474833  0.095218  0.240654
9  0.654531             0.487203  0.096445  0.240710",Not applicable
